<emDataViewOptions>
  <version major="1" minor="2"/>
  <Options portTerminalPinsNetlistMode="Shorted" extrapolationMode="Linear" symbolNetlistMode="All pins" enforcePassivity="DuringExtrapolation"/>
  <cellParameters useInterpolation="no">
    <parameters>
      <cellParameter name="w" resolution="0.0005 um" delta="30 um"/>
      <cellParameter name="s" resolution="0.0005 um" delta="30 um"/>
      <cellParameter name="dout" resolution="0.0005 um" delta="30 um"/>
    </parameters>
  </cellParameters>
</emDataViewOptions>
