<emDataViewOptions>
  <version major="1" minor="2"/>
  <Options enforcePassivity="DuringExtrapolation" extrapolationMode="Linear" portTerminalPinsNetlistMode="Shorted"/>
  <cellParameters useInterpolation="no">
    <parameters>
      <cellParameter resolution="0.01 um" delta="2 um" name="w"/>
      <cellParameter resolution="0.01 um" delta="2 um" name="s"/>
      <cellParameter resolution="0.01 um" delta="10 um" name="dout"/>
      <cellParameter resolution="1e-005" delta="0.1" name="N"/>
    </parameters>
  </cellParameters>
</emDataViewOptions>
